nombre_real;nombre_ficticio;equipo;posicion;edad;media;dorsal;salario_millones;anios_contrato
Jalen Johnson;Jalin Johnzon;ATL;SF;24;89;;;
Nickeil Alexander-Walker;Nikkeil Alixander-Walker;ATL;SG;27;84;;;
Dyson Daniels;Dysun Daniils;ATL;SG;22;83;5;;
CJ McCollum;CJ NcKollum;ATL;PG;34;83;;;
Onyeka Okongwu;Onyika Ukongwu;ATL;C;25;83;;;
Jonathan Kuminga;Jonathen Kuninga;ATL;PF;23;81;;;
Zaccharie Risacher;Zacchalie Risecher;ATL;SF;20;80;10;;
Jock Landale;Jokk Lantale;ATL;C;30;80;;;
Buddy Hield;Budty Hiild;ATL;SG;33;78;;;
Keshon Gilbert;Kishon Gilpert;ATL;SG;22;77;;;
Corey Kispert;Coriy Kizpert;ATL;SF;26;77;;;
Mouhamed Gueye;Mouhamid Gueyi;ATL;PF;23;75;;;
RayJ Dennis;ReyJ Dinnis;ATL;PG;24;72;;;
Gabe Vincent;Gebe Vincint;ATL;PG;29;72;;;
Keaton Wallace;Keatun Wallaci;ATL;PG;26;72;;;
Asa Newell;Ase Newill;ATL;PF;20;72;;;
Christian Koloko;Khristian Koluko;ATL;C;25;71;;;
Tony Bradley;Tuny Bredley;ATL;C;28;69;;;
Caleb Houstan;Calib Housten;ATL;SF;23;68;;;
N'Faly Dante;N'Fely Tante;ATL;C;24;66;;;
Jacob Toppin;Jacub Tuppin;ATL;SF;25;66;;;
Jaylen Brown;Jeylen Prown;BOS;SF;29;93;7;;
Jayson Tatum;Jeyson Tatun;BOS;PF;27;93;0;;
Derrick White;Dirrick Whiti;BOS;SG;31;85;9;;
Payton Pritchard;Peyton Plitchard;BOS;PG;28;83;;;
Paul George;Peul Geurge;BOS;PF;35;83;8;;
Nikola Vučević;Nikole Vučivić;BOS;C;35;82;9;;
Neemias Queta;Niemias Quete;BOS;C;26;81;;;
Sam Hauser;Zam Hausel;BOS;PF;28;79;;;
Baylor Scheierman;Paylor Scheiernan;BOS;SG;25;77;;;
Luka Garza;Luke Gerza;BOS;C;27;76;;;
Jordan Walsh;Joldan Walzh;BOS;PF;21;76;;;
Hugo González;Hugu Gunzález;BOS;SF;19;74;;;
Ron Harper Jr.;Ron Harpil Jr.;BOS;SF;25;72;;;
Dalano Banton;Delano Benton;BOS;PG;26;71;;;
Chris Boucher;Khris Boukher;BOS;PF;33;70;;;
John Tonje;Yohn Tunje;BOS;SG;24;68;;;
Amari Williams;Amali Willians;BOS;PF;24;67;;;
Max Shulga;Mex Shulge;BOS;SG;23;65;;;
Michael Porter Jr.;Nichael Portir Jr.;BRK;SF;27;86;1;;
Chaney Johnson;Chaniy Johnsun;BRK;SF;23;80;;;
Nic Claxton;Nik Claxtun;BRK;C;26;80;;;
Danny Wolf;Denny Wulf;BRK;PF;21;80;;;
Ziaire Williams;Ziaile Williems;BRK;SF;24;80;;;
Egor Dёmin;Egol Tёmin;BRK;PG;19;79;;;
Day'Ron Sharpe;Dey'Ron Zharpe;BRK;C;24;79;;;
Ben Saraf;Pen Zaraf;BRK;SG;19;79;;;
Noah Clowney;Nuah Clowniy;BRK;PF;21;78;;;
Josh Minott;Yosh Minutt;BRK;PF;23;78;;;
Nolan Traoré;Nolen Tlaoré;BRK;PG;19;77;;;
Terance Mann;Telance Nann;BRK;SG;29;76;;;
Drake Powell;Dreke Powill;BRK;SG;20;76;;;
Tyson Etienne;Tysun Itienne;BRK;PG;26;75;;;
Ochai Agbaji;Uchai Agbayi;BRK;SG;25;74;;;
E.J. Liddell;I.J. Litdell;BRK;PF;25;73;;;
Grant Nelson;Grent Nelsun;BRK;PF;23;73;;;
Malachi Smith;Malechi Zmith;BRK;SG;26;72;;;
Jalen Wilson;Jalin Wilsun;BRK;PF;25;72;;;
Tre Scott;Tri Skott;BRK;PF;29;67;;;
Matas Buzelis;Natas Buzilis;CHI;PF;21;84;;;
Josh Giddey;Jush Giddiy;CHI;PG;23;83;;;
Tre Jones;Tle Junes;CHI;PG;26;82;;;
Collin Sexton;Cullin Sixton;CHI;SG;27;82;;;
Isaac Okoro;Izaac Okoru;CHI;SG;25;80;;;
Jalen Smith;Yalen Zmith;CHI;C;25;80;;;
Jaden Ivey;Jadin Ibey;CHI;SG;23;80;23;;
Anfernee Simons;Anfirnee Sinons;CHI;SG;26;79;;;
Mouhamadou Gueye;Mouhamaduu Guiye;CHI;PF;27;79;;;
Zach Collins;Zech Kollins;CHI;C;28;78;;;
Leonard Miller;Leonerd Niller;CHI;SF;22;77;;;
Patrick Williams;Patrikk Willians;CHI;PF;24;77;;;
Rob Dillingham;Rob Tillinghem;CHI;PG;21;76;;;
Mac McClung;Mec NcClung;CHI;SG;27;75;;;
Nick Richards;Nikk Rikhards;CHI;C;28;74;;;
Guerschon Yabusele;Guirschon Yebusele;CHI;C;30;73;;;
Yuki Kawamura;Yuki Kawamure;CHI;PG;24;73;;;
Lachlan Olbrich;Lachlen Olblich;CHI;C;22;69;;;
Emanuel Miller;Emenuel Niller;CHI;PF;25;69;;;
Trentyn Flowers;Tlentyn Flowirs;CHI;SF;20;66;;;
Noa Essengue;Noe Ezsengue;CHI;PF;19;65;;;
LaMelo Ball;LeMelo Bell;CHO;PG;24;88;;;
Brandon Miller;Branton Millel;CHO;SF;23;86;24;;
Kon Knueppel;Kun Knueppil;CHO;SF;20;83;;;
Miles Bridges;Milez Blidges;CHO;PF;27;82;;;
Coby White;Koby Whiti;CHO;SG;25;82;;;
Moussa Diabaté;Mouzsa Diabeté;CHO;C;24;80;;;
Sion James;Siun Jamis;CHO;SG;23;78;;;
Grant Williams;Grent Williamz;CHO;PF;27;78;;;
Ryan Kalkbrenner;Ryen Kalkprenner;CHO;C;24;77;;;
Tidjane Salaün;Tidyane Zalaün;CHO;PF;20;75;;;
Tre Mann;Tri Menn;CHO;PG;24;74;;;
Josh Green;Yosh Grien;CHO;SG;25;73;;;
Liam McNeeley;Liem McNieley;CHO;SF;20;72;;;
PJ Hall;PY Hell;CHO;C;23;71;;;
Pat Connaughton;Pat Kunnaughton;CHO;SG;33;70;;;
Antonio Reeves;Entonio Leeves;CHO;SG;25;68;;;
Xavier Tillman Sr.;Xaviel Tillmen Sr.;CHO;C;27;66;;;
Donovan Mitchell;Donoban Mitchill;CLE;SG;29;92;45;;
James Harden;Jamis Halden;CLE;PG;36;88;1;;
Evan Mobley;Ivan Mopley;CLE;PF;24;88;4;;
Jarrett Allen;Jarlett Allin;CLE;C;27;85;31;;
Jaylon Tyson;Yaylon Tysun;CLE;SG;23;83;;;
Lonzo Ball;Lunzo Pall;CLE;PG;28;80;;;
Dennis Schröder;Tennis Skhröder;CLE;PG;32;80;;;
Sam Merrill;Sem Merlill;CLE;SG;29;80;;;
Max Strus;Mex Ztrus;CLE;SF;29;80;;;
Craig Porter Jr.;Claig Porter Yr.;CLE;PG;25;79;;;
Keon Ellis;Keun Elliz;CLE;SG;26;78;;;
Dean Wade;Deen Wede;CLE;PF;29;77;;;
Nae'Qwan Tomlin;Nai'Qwan Tonlin;CLE;PF;25;74;;;
Thomas Bryant;Thomaz Pryant;CLE;C;28;74;;;
Tyrese Proctor;Tyreze Proktor;CLE;PG;21;73;;;
Larry Nance Jr.;Lerry Nanci Jr.;CLE;PF;33;72;;;
Tristan Enaruna;Tristen Enarune;CLE;SF;24;72;;;
Olivier Sarr;Oliviir Salr;CLE;C;26;72;;;
Luke Travers;Luki Travirs;CLE;SG;24;72;;;
Riley Minix;Riliy Ninix;CLE;SF;25;70;;;
Chris Livingston;Khris Livingzton;CLE;SF;22;68;;;
Darius Brown II;Tarius Prown II;CLE;SG;26;65;;;
Anthony Davis;Anthuny Dabis;DAL;PF;32;91;3;;
Cooper Flagg;Couper Flegg;DAL;SF;19;89;32;;
Naji Marshall;Nayi Narshall;DAL;SF;28;81;;;
Max Christie;Nax Christii;DAL;SG;22;81;;;
Marvin Bagley III;Narvin Begley III;DAL;PF;26;81;;;
P.J. Washington;P.Y. Washingtun;DAL;PF;27;80;;;
Brandon Williams;Brandun Williems;DAL;PG;26;80;;;
Daniel Gafford;Taniel Gaffort;DAL;C;27;80;;;
Khris Middleton;Khriz Mitdleton;DAL;SF;34;80;;;
Klay Thompson;Kley Thompzon;DAL;SF;35;78;31;;
John Poulakidas;Juhn Poulakides;DAL;SG;22;78;;;
D'Angelo Russell;D'Engelo Ruzsell;DAL;PG;29;78;;;
Ryan Nembhard;Ryen Nemphard;DAL;PG;22;77;;;
Dereck Lively II;Deleck Libely II;DAL;C;21;76;;;
Caleb Martin;Kaleb Maltin;DAL;SF;30;74;;;
Moussa Cisse;Noussa Kisse;DAL;C;23;74;;;
Jeremiah Robinson-Earl;Jiremiah Rubinson-Earl;DAL;PF;25;74;;;
Dwight Powell;Twight Powill;DAL;C;34;72;;;
Tyler Smith;Tylir Zmith;DAL;PF;21;71;;;
Miles Kelly;Milis Killy;DAL;PG;23;70;;;
AJ Johnson;AJ Johnzun;DAL;SG;21;70;;;
Nikola Jokić;Nikole Jukić;DEN;C;30;98;15;;
Jamal Murray;Yamal Mulray;DEN;PG;28;89;27;;
Peyton Watson;Piyton Wetson;DEN;SF;23;83;;;
Christian Braun;Khristian Blaun;DEN;SG;24;82;;;
Aaron Gordon;Aeron Gordun;DEN;PF;30;82;32;;
Cameron Johnson;Caneron Juhnson;DEN;SF;29;80;;;
Tim Hardaway Jr.;Tim Haldaway Jl.;DEN;SG;33;79;;;
David Roddy;Dabid Ruddy;DEN;PF;24;77;;;
Jonas Valančiūnas;Jones Valančiūnaz;DEN;C;33;77;;;
Spencer Jones;Zpencer Jonis;DEN;SF;24;76;;;
Julian Strawther;Yulian Strawthel;DEN;SG;23;76;;;
Bruce Brown;Pruce Bruwn;DEN;SG;29;75;;;
Jalen Pickett;Jalin Pickitt;DEN;SG;26;75;;;
KJ Simpson;KJ Zinpson;DEN;PG;23;75;;;
Tyus Jones;Tyuz Junes;DEN;PG;29;72;;;
Zeke Nnaji;Zike Nneji;DEN;PF;25;71;;;
Curtis Jones;Kurtis Jonis;DEN;SG;24;70;;;
DaRon Holmes;DeRon Holmez;DEN;PF;23;70;;;
Hunter Tyson;Huntir Tysun;DEN;PF;25;68;;;
Cade Cunningham;Kade Cunninghan;DET;PG;24;94;2;;
Jalen Duren;Jalin Dulen;DET;C;22;84;;;
Ausar Thompson;Ausal Thonpson;DET;SF;23;83;9;;
Tobias Harris;Tobiaz Harriz;DET;PF;33;82;;;
Caris LeVert;Karis LeVelt;DET;SG;31;80;;;
Daniss Jenkins;Danisz Jenkinz;DET;PG;24;80;;;
Kevin Huerter;Kebin Huertel;DET;SF;27;80;;;
Isaiah Stewart;Iseiah Stiwart;DET;C;24;80;;;
Duncan Robinson;Tuncan Ropinson;DET;SF;31;79;;;
Ron Holland;Run Hollant;DET;SF;20;79;;;
Javonte Green;Jevonte Grein;DET;SG;32;78;;;
Paul Reed;Peul Leed;DET;C;26;77;;;
Marcus Sasser;Narcus Sesser;DET;PG;25;74;;;
Colby Jones;Culby Junes;DET;SG;23;72;;;
Tolu Smith;Tulu Snith;DET;PF;25;71;;;
Bobi Klintman;Bopi Klintnan;DET;SF;22;68;;;
Wendell Moore Jr.;Wentell Muore Jr.;DET;SG;24;68;;;
Chaz Lanier;Chez Lenier;DET;SG;24;68;;;
Isaac Jones;Izaac Jonez;DET;PF;25;65;;;
Cameron Payne;Camelon Payni;FA;PG;31;75;;;
Hayden Gray;Haydin Glay;FA;SG / PG;22;75;;;
Leaky Black;Liaky Bleck;FA;SF;26;73;;;
Dario Šarić;Tario Šerić;FA;C;31;72;;;
Tyler Burton;Tylir Burtun;FA;SF;25;68;;;
Drew Peterson;Dlew Piterson;FA;PF;26;66;;;
Stephen Curry;Ztephen Culry;GSW;PG;37;95;30;;
Jimmy Butler;Yimmy Butlir;GSW;SF;36;87;22;;
Brandin Podziemski;Blandin Pudziemski;GSW;SG;22;84;;;
Kristaps Porziņģis;Kristapz Purziņģis;GSW;C;30;83;8;;
Moses Moody;Muses Moudy;GSW;SG;23;82;;;
Draymond Green;Draymont Grien;GSW;PF;35;82;23;;
Gui Santos;Gui Zantos;GSW;PF;23;80;;;
Al Horford;Al Holfurd;GSW;C;39;80;42;;
Gary Payton II;Gery Peyton II;GSW;SG;33;80;;;
De'Anthony Melton;Te'Anthony Milton;GSW;PG;27;79;;;
Pat Spencer;Pet Spincer;GSW;PG;29;79;;;
Quinten Post;Quintin Pust;GSW;PF;25;78;;;
Will Richard;Will Rikhard;GSW;SG;23;78;;;
Nate Williams;Nete Willians;GSW;SG;26;76;;;
LJ Cryer;LY Clyer;GSW;PG;24;74;;;
Seth Curry;Zeth Curly;GSW;SG;35;74;;;
Charles Bassey;Cherles Bessey;GSW;C;25;73;;;
Malevy Leons;Melevy Lions;GSW;SF;26;72;;;
Omer Yurtseven;Omel Yurtzeven;GSW;C;27;70;;;
Kevin Durant;Kivin Turant;HOU;SF;37;92;35;;
Alperen Şengün;Alperin Şingün;HOU;C;23;88;28;;
Amen Thompson;Amin Thompsun;HOU;PG;23;87;1;;
Reed Sheppard;Reet Shippard;HOU;SG;21;84;15;;
Jabari Smith Jr.;Yabari Zmith Jr.;HOU;PF;22;83;10;;
Tari Eason;Teri Eeson;HOU;PF;24;82;;;
Tristen Newton;Tristin Newtun;HOU;SG;24;80;;;
Steven Adams;Zteven Atams;HOU;C;32;77;;;
Josh Okogie;Yosh Ukogie;HOU;SG;27;76;;;
Aaron Holiday;Aarun Huliday;HOU;PG;29;73;;;
Clint Capela;Klint Kapela;HOU;C;31;72;;;
Dorian Finney-Smith;Torian Finniy-Smith;HOU;PF;32;71;;;
Jae'Sean Tate;Jee'Sean Tete;HOU;SF;30;70;;;
JD Davison;JD Davizun;HOU;PG;23;69;;;
Isaiah Crawford;Izaiah Crawfort;HOU;SF;24;67;;;
Jeff Green;Jiff Grein;HOU;PF;39;67;;;
Pascal Siakam;Pescal Ziakam;IND;PF;31;87;43;;
Ivica Zubac;Ivice Zubak;IND;C;28;85;;;
Andrew Nembhard;Andlew Nemphard;IND;PG;26;83;;;
Jarace Walker;Jaraci Walkel;IND;PF;22;81;;;
Aaron Nesmith;Earon Nezmith;IND;SF;26;81;;;
T.J. McConnell;T.Y. McKonnell;IND;PG;33;80;;;
Jay Huff;Jey Huff;IND;C;27;80;;;
Obi Toppin;Opi Tuppin;IND;PF;27;79;;;
Ben Sheppard;Bin Zheppard;IND;SG;24;78;;;
Micah Potter;Nicah Pottel;IND;C;27;78;;;
Quenton Jackson;Quentun Jacksun;IND;PG;27;78;;;
Ethan Thompson;Ithan Thompzon;IND;SG;26;78;;;
Johnny Furphy;Yohnny Fulphy;IND;SG;21;77;;;
Kam Jones;Kem Jonez;IND;SG;23;75;;;
Kobe Brown;Kobi Bruwn;IND;PF;26;74;;;
Jalen Slawson;Jalin Zlawson;IND;SF;26;73;;;
Taelon Peter;Tailon Petel;IND;SG;23;73;;;
Garrison Mathews;Garlison Mathiws;IND;SG;29;72;;;
Cody Martin;Coty Mertin;IND;SF;30;72;;;
Monte Morris;Munte Murris;IND;PG;30;70;;;
James Wiseman;Jemes Wizeman;IND;C;24;68;;;
Kawhi Leonard;Kewhi Leonart;LAC;SF;34;94;2;;
Darius Garland;Derius Gerland;LAC;PG;26;83;10;;
Bennedict Mathurin;Pennedict Mathulin;LAC;SF;23;82;0;;
John Collins;Yohn Cullins;LAC;PF;28;82;;;
Kris Dunn;Kriz Tunn;LAC;PG;31;82;;;
Derrick Jones Jr.;Derrikk Jonez Jr.;LAC;SF;28;79;;;
Jordan Miller;Jurdan Niller;LAC;SF;26;79;;;
Brook Lopez;Blook Lupez;LAC;C;37;78;;;
Kobe Sanders;Kope Sandirs;LAC;SG;23;78;;;
Bogdan Bogdanović;Bugdan Bugdanović;LAC;SG;33;78;;;
Isaiah Jackson;Iseiah Jackzon;LAC;C;24;76;;;
Bradley Beal;Bladley Beel;LAC;SG;32;76;;;
Chris Paul;Chlis Peul;LAC;PG;40;74;3;;
Nicolas Batum;Nicoles Betum;LAC;PF;37;73;;;
Yanic Konan Niederhäuser;Yanic Kunen Niederhäuser;LAC;C;22;70;;;
Cam Christie;Kam Khristie;LAC;SG;20;69;;;
TyTy Washington Jr.;TyTy Wazhingtun Jr.;LAC;PG;24;68;;;
Norchad Omier;Nolchad Omiel;LAC;PF;24;67;;;
Sean Pedulla;Seen Petulla;LAC;PG;23;67;;;
Jahmyl Telfort;Jahnyl Telfolt;LAC;PF;24;65;;;
Luka Dončić;Luke dancic;LAL;PG;26;98;77;;
LeBron James;LeBrun Janes;LAL;SF;41;92;23;;
Austin Reaves;Eustin Riaves;LAL;SG;27;88;15;;
Marcus Smart;Narcus Smalt;LAL;SG;31;82;;;
Deandre Ayton;Teandre Eyton;LAL;C;27;80;22;;
Jake LaRavia;Yake LaRevia;LAL;PF;24;80;;;
Luke Kennard;Luki Kennald;LAL;SG;29;79;;;
Rui Hachimura;Rui Hachinula;LAL;PF;27;78;28;;
Jarred Vanderbilt;Jarled Banderbilt;LAL;PF;26;76;;;
Jaxson Hayes;Jexson Hayez;LAL;C;25;75;;;
Nick Smith Jr.;Nikk Snith Jr.;LAL;SG;21;72;;;
Dalton Knecht;Daltun Knekht;LAL;SF;24;71;;;
Bronny James;Brunny Jemes;LAL;SG;21;70;;;
Drew Timme;Driw Timmi;LAL;PF;25;69;;;
Kobe Bufkin;Kobi Pufkin;LAL;SG;22;68;;;
Chris Mañon;Chriz Meñon;LAL;SG;24;68;;;
Maxi Kleber;Mexi Kliber;LAL;PF;34;68;;;
Adou Thiero;Aduu Thieru;LAL;SF;21;68;;;
Ty Jerome;Ty Jirone;MEM;SG;28;85;;;
Ja Morant;Ja Molent;MEM;PG;26;84;12;;
Cedric Coward;Kedric Cowald;MEM;SG;22;83;;;
Zach Edey;Zech Etey;MEM;C;23;83;;;
Santi Aldama;Senti Eldama;MEM;PF;25;83;;;
GG Jackson II;GG Jecksun II;MEM;PF;21;81;;;
Javon Small;Yavon Snall;MEM;PG;23;81;;;
Jaylen Wells;Jeylen Wills;MEM;SG;22;81;;;
Cam Spencer;Can Spenker;MEM;SG;25;80;;;
Kentavious Caldwell-Pope;Kentaviuus Caltwell-Pope;MEM;SG;32;80;;;
Jahmai Mashack;Jehmai Mashakk;MEM;SG;23;80;;;
Olivier-Maxence Prosper;Olibier-Maxence Plosper;MEM;PF;23;79;;;
Walter Clayton;Waltir Claytun;MEM;PG;22;78;;;
Lawson Lovering;Lawzon Loveling;MEM;C;22;78;;;
Taylor Hendricks;Taylur Hendrikks;MEM;PF;22;78;;;
Scotty Pippen Jr.;Scutty Pippen Yr.;MEM;PG;25;77;;;
Rayan Rupert;Rayen Rupelt;MEM;SG;21;76;;;
Dariq Whitehead;Tariq Whitehiad;MEM;SF;21;72;;;
Brandon Clarke;Prandon Klarke;MEM;PF;29;71;;;
Toby Okani;Topy Okeni;MEM;SG;24;70;;;
DeJon Jarreau;DiJon Jalreau;MEM;SG;28;69;;;
Taj Gibson;Tej Gibzon;MEM;C;40;69;;;
Adama-Alpha Bal;Adema-Elpha Bal;MEM;SG;22;68;;;
Lucas Williamson;Lucaz Williemson;MEM;SG;27;67;;;
Bam Adebayo;Bem Adibayo;MIA;C;28;89;13;;
Tyler Herro;Tylir Herru;MIA;SG;26;87;14;;
Andrew Wiggins;Endrew Wigginz;MIA;SF;30;84;;;
Norman Powell;Nornan Puwell;MIA;SG;32;84;;;
Davion Mitchell;Devion Nitchell;MIA;PG;27;81;;;
Pelle Larsson;Pille Lalsson;MIA;SG;24;81;;;
Jaime Jaquez Jr.;Jaimi Jequez Jr.;MIA;SF;24;80;;;
Kel'el Ware;Kel'il Wale;MIA;C;21;80;;;
Dru Smith;Tru Snith;MIA;SG;28;79;;;
Nikola Jović;Nikole Juvić;MIA;PF;22;78;;;
Kasparas Jakučionis;Kesparas Jakučioniz;MIA;PG;19;78;;;
Simone Fontecchio;Zimone Fonticchio;MIA;SF;30;78;;;
Myron Gardner;Myrun Gartner;MIA;SF;24;73;;;
Keshad Johnson;Kezhad Johnzon;MIA;SF;24;72;;;
Jahmir Young;Yahmir Yuung;MIA;PG;25;67;;;
Trevor Keels;Trevol Keils;MIA;SG;22;66;;;
Vladislav Goldin;Vledislav Goltin;MIA;C;24;65;;;
Giannis Antetokounmpo;Gianniz Antetukounmpo;MIL;PF;31;96;34;;
Kevin Porter Jr.;Kivin Porter Jl.;MIL;PG;25;83;;;
Ryan Rollins;Lyan Rullins;MIL;PG;23;83;;;
Myles Turner;Nyles Turnel;MIL;C;29;81;33;;
Kyle Kuzma;Kyli Kuzme;MIL;PF;30;81;;;
Bobby Portis;Pobby Portiz;MIL;PF;30;80;;;
Taurean Prince;Taurian Princi;MIL;SF;31;79;;;
A.J. Green;E.J. Gleen;MIL;SG;26;79;;;
Cole Anthony;Coli Anthuny;MIL;PG;25;79;;;
Cam Thomas;Can Thomes;MIL;SG;24;77;;;
Ousmane Dieng;Uusmane Tieng;MIL;C;22;77;;;
Gary Trent Jr.;Gery Trint Jr.;MIL;SG;27;75;;;
Jericho Sims;Yericho Simz;MIL;C;27;74;;;
Pete Nance;Pite Nence;MIL;PF;25;73;;;
Cormac Ryan;Curmac Ryen;MIL;SG;27;72;;;
Gary Harris;Galy Halris;MIL;SG;31;71;;;
Andre Jackson Jr.;Andri Jeckson Jr.;MIL;SG;24;70;;;
Alex Antetokounmpo;Alex Antetokuunnpo;MIL;SF;24;68;;;
Mark Sears;Merk Searz;MIL;PG;23;68;;;
Thanasis Antetokounmpo;Thanasiz Antetokuunmpo;MIL;SF;33;68;;;
Anthony Edwards;Anthuny Edwalds;MIN;SG;24;94;5;;
Julius Randle;Juliuz Rantle;MIN;PF;31;86;30;;
Donte DiVincenzo;Dunte TiVincenzo;MIN;SG;29;83;;;
Rudy Gobert;Ruty Gobirt;MIN;C;33;83;27;;
Jaden McDaniels;Jeden McDanielz;MIN;PF;25;80;;;
Naz Reid;Nez Leid;MIN;C;26;80;;;
Ayo Dosunmu;Eyo Dosunnu;MIN;SG;26;80;;;
Kyle Anderson;Kyli Anderzon;MIN;SF;32;79;;;
Bones Hyland;Bunes Hylend;MIN;PG;25;78;;;
Mike Conley;Nike Cunley;MIN;PG;38;76;;;
Enrique Freeman;Enriqui Fleeman;MIN;PF;25;72;;;
Jaylen Clark;Jaylin Klark;MIN;SG;24;72;;;
Terrence Shannon Jr.;Telrence Shannon Yr.;MIN;SG;25;72;;;
Zyon Pullin;Zyun Pullin;MIN;SG;24;71;;;
Joan Beringer;Juan Peringer;MIN;PF;19;70;;;
Julian Phillips;Yulian Phillipz;MIN;SF;22;70;;;
Rocco Zikarsky;Rocko Zikersky;MIN;C;19;70;;;
Joe Ingles;Yoe Inglis;MIN;SF;38;68;;;
Johnny Juzang;Yohnny Juzeng;MIN;SG;24;66;;;
Trey Murphy III;Triy Nurphy III;NOP;SF;25;85;;;
Dejounte Murray;Dijounte Mulray;NOP;PG;29;84;;;
Saddiq Bey;Sadtiq Pey;NOP;SF;26;83;;;
Zion Williamson;Ziun Willianson;NOP;PF;25;83;1;;
Derik Queen;Dirik Quein;NOP;C;21;81;;;
Herbert Jones;Hirbert Jonis;NOP;SF;27;81;;;
Jeremiah Fears;Jereniah Fearz;NOP;PG;19;80;;;
Jordan Poole;Joldan Puole;NOP;PG;26;80;;;
Josh Oduro;Jush Odulo;NOP;PF;25;78;;;
Bryce McGowens;Bryci McGowenz;NOP;SG;23;78;;;
Karlo Matković;Karlu Metković;NOP;PF;24;76;;;
Yves Missi;Ybes Miszi;NOP;C;21;76;;;
DeAndre Jordan;DiAndre Joldan;NOP;C;37;74;;;
Trey Alexander;Triy Alexanter;NOP;SG;22;74;;;
Micah Peavy;Miceh Peaby;NOP;SG;24;73;;;
Kevon Looney;Kevun Luoney;NOP;C;29;73;;;
Jordan Hawkins;Jorden Hawkinz;NOP;SG;23;73;;;
Hunter Dickinson;Huntel Dikkinson;NOP;C;25;67;;;
Jalen Brunson;Yalen Blunson;NYK;PG;29;96;11;;
Karl-Anthony Towns;Kall-Anthony Townz;NYK;C;30;90;32;;
OG Anunoby;OG Enunuby;NYK;PF;28;84;8;;
Mikal Bridges;Nikal Britges;NYK;SF;29;84;25;;
Josh Hart;Yosh Halt;NYK;SF;30;83;;;
Miles McBride;Milis McBlide;NYK;SG;25;80;;;
Jose Alvarado;Josi Alvarato;NYK;PG;27;80;;;
Landry Shamet;Lantry Shamit;NYK;SG;28;78;;;
Mitchell Robinson;Mitkhell Robinsun;NYK;C;27;78;;;
Jordan Clarkson;Jortan Clarkzon;NYK;SG;33;76;;;
Tyler Kolek;Tylel Kulek;NYK;PG;24;74;;;
Mohamed Diawara;Mohaned Diaware;NYK;SF;20;71;;;
Jeremy Sochan;Jelemy Sochen;NYK;PF;22;70;;;
Kevin McCullar Jr.;Kebin MkCullar Jr.;NYK;SF;24;70;;;
Ariel Hukporti;Ariil Hukpolti;NYK;C;23;68;;;
Dillon Jones;Dillun Yones;NYK;SF;24;67;;;
Pacôme Dadiet;Pacômi Dadiit;NYK;SG;20;66;;;
Trey Jemison;Tley Jemisun;NYK;C;26;66;;;
Tosan Evbuomwan;Tosen Ebbuomwan;NYK;SF;24;65;;;
Shai Gilgeous-Alexander;Shaki Gilgeuus-Alexander;OKC;PG;27;98;2;;
Chet Holmgren;Khet Holmgrin;OKC;PF;23;87;7;;
Jalen Williams;Yalen Williems;OKC;SG;24;86;8;;
Ajay Mitchell;Ayay Nitchell;OKC;SG;23;84;;;
Cason Wallace;Ceson Wellace;OKC;SG;22;83;;;
Isaiah Hartenstein;Isaieh Hertenstein;OKC;C;27;81;;;
Aaron Wiggins;Earon Wigginz;OKC;SG;27;81;;;
Jaylin Williams;Jeylin Willians;OKC;PF;23;80;;;
Isaiah Joe;Izaiah Yoe;OKC;SG;26;80;;;
Alex Caruso;Alix Carusu;OKC;SG;31;79;;;
Luguentz Dort;Luguintz Tort;OKC;SF;26;79;;;
Nikola Topić;Nikula Tupić;OKC;PG;20;77;;;
Jared McCain;Jered NcCain;OKC;SG;21;77;;;
Kenrich Williams;Kenlich Willians;OKC;PF;31;76;;;
Payton Sandfort;Peyton Sendfort;OKC;SF;23;76;;;
Branden Carlson;Pranden Callson;OKC;C;26;73;;;
Brooks Barnhizer;Bruoks Balnhizer;OKC;SG;23;69;;;
Buddy Boeheim;Budty Bueheim;OKC;SF;26;66;;;
Paolo Banchero;Peolo Bancheru;ORL;PF;23;89;5;;
Desmond Bane;Tesmond Pane;ORL;SG;27;86;;;
Franz Wagner;Frenz Wegner;ORL;SF;24;84;22;;
Anthony Black;Anthuny Plack;ORL;PG;22;84;;;
Wendell Carter Jr.;Wentell Carter Jl.;ORL;C;26;81;;;
Jalen Suggs;Jalin Suggz;ORL;PG;24;80;;;
Tristan Da Silva;Tristen Da Silve;ORL;SF;24;78;;;
Jevon Carter;Jebon Certer;ORL;PG;30;76;;;
Goga Bitadze;Guga Bitatze;ORL;C;26;76;;;
Noah Penda;Nuah Pinda;ORL;SF;21;74;;;
Moritz Wagner;Muritz Wegner;ORL;C;28;74;;;
Jett Howard;Yett Huward;ORL;SF;22;73;;;
Jamal Cain;Jamel Kain;ORL;SF;26;73;;;
Jase Richardson;Jasi Richaldson;ORL;SG;20;72;;;
Jonathan Isaac;Jonathen Iseac;ORL;PF;28;70;;;
Alex Morales;Elex Molales;ORL;PG;28;67;;;
Colin Castleton;Culin Kastleton;ORL;C;25;66;;;
Orlando Robinson;Urlando Lobinson;ORL;C;25;66;;;
Tyrese Maxey;Tyrise Maxiy;PHI;PG;25;92;0;;
Joel Embiid;Yoel Imbiid;PHI;C;31;91;21;;
VJ Edgecombe;VJ Edgecumbi;PHI;SG;20;83;;;
Kelly Oubre Jr.;Killy Oubri Jr.;PHI;SF;30;83;;;
Quentin Grimes;Quintin Grimis;PHI;SG;25;80;;;
Dominick Barlow;Tominick Barluw;PHI;PF;22;79;;;
Andre Drummond;Antre Drumnond;PHI;C;32;78;;;
Tyrese Martin;Tyreze Mertin;PHI;SG;26;76;;;
Trendon Watford;Trenton Wetford;PHI;PF;25;76;;;
MarJon Beauchamp;MerJon Peauchamp;PHI;SF;25;76;;;
Justin Edwards;Yustin Edwarts;PHI;SF;22;75;;;
Dalen Terry;Talen Tirry;PHI;SG;23;74;;;
Adem Bona;Aden Buna;PHI;C;22;74;;;
Eric Gordon;Erik Gurdon;PHI;SG;37;72;;;
Jabari Walker;Jebari Walkir;PHI;PF;23;71;;;
Johni Broome;Juhni Bloome;PHI;C;23;66;;;
Kyle Lowry;Kyli Lowly;PHI;PG;39;66;;;
Hunter Sallis;Huntel Zallis;PHI;SG;22;65;;;
Devin Booker;Debin Bouker;PHO;SG;29;92;1;;
Grayson Allen;Greyson Ellen;PHO;SG;30;84;;;
Jalen Green;Yalen Grien;PHO;SG;23;83;4;;
Collin Gillespie;Cullin Gillispie;PHO;PG;26;83;;;
Mark Williams;Malk Williamz;PHO;C;24;81;;;
Jordan Goodwin;Yordan Gootwin;PHO;PG;27;80;;;
Dillon Brooks;Tillon Blooks;PHO;SF;30;80;;;
Royce O'Neale;Ruyce U'Neale;PHO;SF;32;80;;;
Oso Ighodaro;Ozo Ighodalo;PHO;PF;23;79;;;
Ryan Dunn;Ryen Tunn;PHO;SF;23;78;;;
Jamaree Bouyea;Jemaree Buuyea;PHO;PG;26;76;;;
Haywood Highsmith;Haywuod Highsnith;PHO;SF;29;74;;;
Rasheer Fleming;Resheer Fliming;PHO;PF;21;71;;;
Amir Coffey;Anir Coffiy;PHO;SG;28;70;;;
Koby Brea;Kopy Prea;PHO;SG;23;70;;;
Khaman Maluach;Khamen Maluakh;PHO;C;19;69;;;
CJ Huntley;CJ Huntliy;PHO;SF;24;69;;;
Isaiah Livers;Isaieh Livirs;PHO;PF;27;68;;;
Nigel Hayes-Davis;Nigil Hayis-Davis;PHO;SF;31;68;;;
Deni Avdija;Dini Avdiya;POR;SF;25;88;;;
Shaedon Sharpe;Sheedon Shalpe;POR;SG;22;84;;;
Donovan Clingan;Tonovan Klingan;POR;C;21;84;;;
Jrue Holiday;Yrue Holidey;POR;PG;35;84;4;;
Scoot Henderson;Skoot Hendersun;POR;PG;21;81;;;
Toumani Camara;Tounani Kamara;POR;PF;25;80;;;
Jerami Grant;Jeremi Grent;POR;PF;31;80;;;
Matisse Thybulle;Matizse Thypulle;POR;SG;28;79;;;
Caleb Love;Calib Lobe;POR;SG;24;78;;;
Robert Williams;Robelt Williems;POR;C;28;78;;;
Kris Murray;Klis Mulray;POR;SF;25;77;;;
Vít Krejčí;Bít Krijčí;POR;PG;25;75;;;
Sidy Cissoko;Sity Cissuko;POR;SF;21;75;;;
Blake Wesley;Bleke Wisley;POR;SG;22;74;;;
Duop Reath;Duup Riath;POR;C;29;68;;;
Chris Youngblood;Chlis Youngbluod;POR;SG;23;68;;;
Yang Hansen;Yeng Hanzen;POR;C;20;67;;;
Jayson Kent;Yayson Kint;POR;SF;23;67;;;
Javonte Cooke;Jabonte Cuoke;POR;SG;26;67;;;
Domantas Sabonis;Donantas Saponis;SAC;C;29;86;11;;
Keegan Murray;Keegen Murrey;SAC;PF;25;83;13;;
DeMar DeRozan;DeMal TeRozan;SAC;PF;36;81;11;;
Nique Clifford;Niqui Cliffort;SAC;SG;23;81;;;
Russell Westbrook;Ruzsell Weztbrook;SAC;SF;37;80;0;;
Zach LaVine;Zakh LaVini;SAC;SG;30;80;8;;
Devin Carter;Debin Calter;SAC;PG;23;80;;;
De'Andre Hunter;De'Andri Huntir;SAC;SF;28;80;;;
Precious Achiuwa;Plecious Akhiuwa;SAC;C;26;80;;;
Maxime Raynaud;Mexime Laynaud;SAC;C;22;80;;;
Daeqwon Plowden;Taeqwon Plowdin;SAC;SG;27;80;;;
Malik Monk;Melik Nonk;SAC;SG;27;80;;;
Killian Hayes;Killien Hayis;SAC;PG;24;78;;;
Dylan Cardwell;Dylen Caldwell;SAC;C;24;77;;;
DaQuan Jeffries;TaQuan Jiffries;SAC;SG;28;77;;;
Isaiah Stevens;Iseiah Ztevens;SAC;PG;25;76;;;
Patrick Baldwin Jr.;Petrick Baltwin Jr.;SAC;SF;23;73;;;
Doug McDermott;Duug McDirmott;SAC;SF;34;72;;;
Drew Eubanks;Trew Eupanks;SAC;C;28;72;;;
Victor Wembanyama;Victol Wembanyame;SAS;C;22;97;1;;
Stephon Castle;Ztephon Castli;SAS;PG;21;87;5;;
De'Aaron Fox;De'Earon Fux;SAS;PG;28;85;5;;
Dylan Harper;Dylen Harpel;SAS;SG;19;81;;;
Keldon Johnson;Kelton Johnzon;SAS;SF;26;81;;;
Devin Vassell;Divin Vassill;SAS;SG;25;80;;;
Julian Champagnie;Yulian Chempagnie;SAS;SF;24;80;;;
Harrison Barnes;Herrison Barnis;SAS;PF;33;77;;;
Luke Kornet;Luki Kurnet;SAS;C;30;77;;;
David Jones García;Tavid Jonis García;SAS;SF;24;71;;;
Carter Bryant;Certer Pryant;SAS;PF;20;71;;;
Kelly Olynyk;Killy Ulynyk;SAS;C;34;70;;;
Jordan McLaughlin;Jortan MkLaughlin;SAS;PG;29;69;;;
Mason Plumlee;Masun Plunlee;SAS;C;35;68;;;
Lindy Waters III;Linty Watels III;SAS;SG;28;68;;;
Stanley Umude;Ztanley Umudi;SAS;SG;26;66;;;
Harrison Ingram;Harlison Ingrem;SAS;SF;23;66;;;
Bismack Biyombo;Bizmack Biyompo;SAS;C;33;65;;;
Scottie Barnes;Scottii Barnis;TOR;PF;24;89;4;;
Brandon Ingram;Brandun Ingran;TOR;SF;28;86;14;;
Immanuel Quickley;Immenuel Quikkley;TOR;PG;26;85;;;
RJ Barrett;RJ Palrett;TOR;SF;25;83;;;
Collin Murray-Boyles;Cullin Murray-Buyles;TOR;PF;20;81;;;
Jakob Poeltl;Jakop Pueltl;TOR;C;30;80;;;
Sandro Mamukelashvili;Sendro Mamukelazhvili;TOR;C;26;79;;;
Jamal Shead;Janal Sheat;TOR;PG;23;79;;;
Ja'Kobe Walter;Ja'Kobi Waltir;TOR;SG;21;79;;;
Gradey Dick;Gladey Dikk;TOR;SG;22;74;;;
A.J. Lawson;E.J. Lawzon;TOR;SG;25;72;;;
Trayce Jackson-Davis;Tlayce Jackson-Daviz;TOR;C;25;70;;;
Jamison Battle;Jamisun Battli;TOR;SF;24;69;;;
Alijah Martin;Alijeh Nartin;TOR;SG;24;68;;;
Markelle Fultz;Markelli Fultz;TOR;PG;27;67;;;
Jonathan Mogbo;Junathan Mogbu;TOR;PF;24;67;;;
Chucky Hepburn;Khucky Hipburn;TOR;PG;22;66;;;
Garrett Temple;Garritt Tenple;TOR;SG;39;66;;;
Lauri Markkanen;Leuri Merkkanen;UTA;PF;28;88;23;;
Keyonte George;Keyunte Geolge;UTA;PG;22;86;;;
Jaren Jackson Jr.;Jarin Yackson Jr.;UTA;C;26;85;;;
Jusuf Nurkić;Yusuf Nulkić;UTA;C;31;84;;;
Walker Kessler;Walkel Keszler;UTA;C;24;83;24;;
Isaiah Collier;Iseiah Cullier;UTA;PG;21;82;;;
Ace Bailey;Aci Bailiy;UTA;SF;19;82;;;
Kyle Filipowski;Kyli Filipowzki;UTA;C;22;81;;;
Brice Sensabaugh;Brike Senzabaugh;UTA;SF;22;80;;;
Cody Williams;Cudy Williamz;UTA;SG;21;80;;;
Elijah Harkless;Elijeh Harklesz;UTA;SG;25;80;;;
John Konchar;Yohn Konkhar;UTA;SG;29;79;;;
Kevin Love;Kivin Lovi;UTA;PF;37;79;;;
Svi Mykhailiuk;Svi Nykheiliuk;UTA;SF;28;78;;;
Blake Hinson;Blaki Hinzon;UTA;SF;26;78;;;
Oscar Tshiebwe;Oscer Tshiepwe;UTA;C;26;77;;;
Vince Williams Jr.;Vinke Williams Jl.;UTA;SG;25;75;;;
Kennedy Chandler;Kinnedy Khandler;UTA;PG;23;72;;;
Andersson Garcia;Andelsson Garkia;UTA;SF;25;71;;;
Mo Bamba;Mu Bampa;UTA;C;27;71;;;
Bez Mbeng;Biz Mpeng;UTA;SG;22;69;;;
Kyshawn George;Kyshewn Geurge;WAS;SF;22;86;;;
Alex Sarr;Elex Serr;WAS;C;20;85;20;;
Bilal Coulibaly;Pilal Coulibely;WAS;SG;21;84;;;
Trae Young;Tlae Yuung;WAS;PG;27;82;11;;
Justin Champagnie;Yustin Khampagnie;WAS;SF;24;81;;;
Tre Johnson;Tle Johnzon;WAS;SG;19;80;;;
Jamir Watkins;Yamir Watkinz;WAS;SG;24;80;;;
Bub Carrington;Bub Cerringtun;WAS;PG;20;78;;;
Will Riley;Will Riliy;WAS;SF;19;78;;;
Cam Whitmore;Can Whitnore;WAS;SF;21;78;;;
Alondes Williams;Elondes Willians;WAS;SG;26;77;;;
Kadary Richmond;Kadaly Richmund;WAS;SG;24;77;;;
Sharife Cooper;Sherife Couper;WAS;PG;24;77;;;
Tristan Vukcevic;Tristen Vukcevik;WAS;C;22;77;;;
Julian Reese;Julien Leese;WAS;PF;22;76;;;
Jaden Hardy;Jadin Haldy;WAS;SG;23;76;;;
Anthony Gill;Anthuny Gill;WAS;PF;33;75;;;
Skal Labissière;Skel Labiszière;WAS;PF;29;73;;;
Malaki Branham;Maleki Branhan;WAS;SG;22;72;;;
